Front,Right,Left,Action
84,20,20, 
84,20,20, 
84,20,20, 
84,20,20, 
84,20,20, 
84,20,20, 
84,20,20, 
84,20,20, 
84,20,20, 
84,20,20, 
84,20,20, 
84,20,20, 
84,20,20, 
84,20,20, 
84,20,20, 
84,20,20, 
84,20,20, 
84,20,20, 
84,20,20, 
84,20,20, 
84,20,20,W
84,20,20,W
84,20,20,W
84,20,20,W
84,20,20,W
84,20,20,W
84,20,19,W
84,20,20,W
84,20,21,W
84,20,21,W
84,20,19,W
84,20,19,W
84,20,19,W
84,20,19,W
84,20,19,W
84,20,19,W
84,20,21,W
84,20,21,W
84,20,21,W
84,20,19,W
83,20,19,W
83,20,19,W
83,21,21, 
80,19,22, 
77,20,22, 
74,20,19, 
69,21,18, 
69,21,18, 
65,22,19, 
65,22,19, 
65,22,19, 
65,22,19, 
61,22,18, 
61,22,18, 
56,23,18, 
56,23,18, 
56,23,18, 
56,23,18, 
56,23,18, 
52,24,19, 
52,24,19, 
52,24,19, 
52,24,19, 
49,24,19, 
49,24,19, 
49,24,19,A
49,24,19,A
44,23,22,A
44,23,22,A
44,23,22,A
44,23,22,A
40,24,34,A
40,24,34,A
40,24,34,A
40,24,34,A
35,26,59,A
35,26,59,A
35,26,59,A
35,26,59,A
35,26,59,A
32,25,57,A
32,25,57,A
32,25,57,A
29,25,69,A
24,25,60,A
22,25,79,A
23,25,78,A
23,25,78,A
23,25,78,A
23,26,77,A
23,25,58,A
23,27,55,A
24,27,69,A
29,29,55,A
28,31,69,A
28,31,69,A
28,31,69,A
28,31,69,A
83,32,68,A
83,32,68,A
83,32,68,A
70,40,65,A
70,40,65,A
70,40,65,A
70,40,65,A
70,40,65,A
56,40,63,A
56,40,63,A
56,40,63,A
56,40,63,A
56,41,32,A
56,41,32,A
56,41,32,A
56,41,32,A
52,45,29, 
52,45,29, 
52,45,29, 
55,34,30,W
55,34,30,W
55,34,30,W
55,34,30,W
55,34,30,W
55,34,30,W
56,34,30,W
56,34,30,W
56,34,30,W
56,34,30,W
83,31,68,W
83,31,68,W
83,31,68,W
83,31,68,W
83,31,68,W
83,31,77,W
83,31,77,W
83,31,77,W
83,31,77,W
67,31,78,W
67,31,78,W
67,31,78,W
67,31,78,W
82,32,89,W
82,32,89,W
82,32,89,W
82,32,89,W
82,32,89,W
83,33,84,W
83,33,88,W
83,33,88,W
83,33,88,W
81,33,89,W
80,32,56,W
76,33,10,W
72,33,10,W
68,31,11,W
68,31,11,W
68,31,11,W
68,31,11, 
65,31,11, 
65,31,11, 
73,30,10, 
73,30,10, 
73,30,10,A
73,30,10,A
73,30,10,A
73,30,10,A
67,31,10,A
67,31,10,A
67,31,10,A
67,31,10,A
64,30,12,A
64,30,12,A
64,30,12,A
64,30,12,A
64,30,12,A
60,28,12,A
60,28,12,A
60,28,12,A
60,28,12,A
56,27,12,A
56,27,12,A
56,27,12,A
56,27,12,A
52,26,13,A
52,26,13,A
52,26,13,A
52,26,13,A
48,25,14,A
48,25,14,A
48,25,14,A
48,25,14,A
45,23,12,A
45,23,12,A
45,23,12,A
45,23,12,A
40,23,14,A
40,23,14,A
40,23,14,A
40,23,14,A
37,22,15,A
37,22,15,A
37,22,15,A
37,22,15,A
37,22,15,A
34,21,48,A
34,21,48,A
34,21,48,A
32,22,56,A
32,22,56,A
26,22,84,A
29,22,98, 
25,24,78, 
22,23,113, 
22,23,72, 
22,23,80, 
22,23,80, 
22,23,80, 
22,23,80, 
22,23,80, 
77,26,65, 
77,26,65, 
77,26,65, 
77,26,65, 
77,28,49, 
77,28,49, 
77,28,49, 
77,28,49, 
76,28,109,W
76,28,109,W
76,28,109,W
76,28,109,W
76,28,109,W
-1,32,109,W
-1,32,109,W
-1,32,109,W
-1,32,109,W
-1,35,81,W
-1,35,81,W
-1,35,81,W
-1,177,24,W
-1,177,24,W
-1,177,24,W
-1,177,24,W
-1,177,24, 
-1,28,20, 
-1,28,20, 
-1,28,20, 
104,28,18, 
104,28,18, 
104,28,18,A
102,27,20,A
102,26,18,A
102,26,18,A
101,26,17,A
101,25,16,A
98,28,71,A
95,23,6,A
91,22,8,A
88,21,9,A
88,21,9,A
88,21,9,A
83,21,10,A
83,21,10,A
83,21,10,A
83,21,10,A
79,18,11,A
79,18,11, 
79,18,11, 
79,18,11, 
75,17,12, 
75,17,12, 
75,17,12, 
75,17,12, 
71,18,14, 
71,18,14,W
67,15,48,W
67,15,48,W
64,14,15,A
64,14,15,A
63,15,16,A
63,15,16,A
62,15,16,A
63,14,16,A
63,16,15,A
63,16,15,A
62,16,15,A
62,16,15,A
61,20,14,A
59,16,14,A
56,15,15,A
54,16,14,A
50,15,16,A
46,16,15,A
46,16,15,A
46,16,15,A
42,15,16,A
42,15,16,A
42,15,16,A
42,15,16,A
42,15,16,A
38,15,21,A
38,15,21,A
38,15,21,A
38,15,21,A
36,15,28,A
36,15,28,A
36,15,28,A
36,15,28,A
56,17,57,A
56,17,57,A
29,16,30,A
49,15,31,A
27,23,30,A
25,19,29,A
24,19,29,A
25,23,29,A
25,23,29,A
25,23,29,A
25,23,29,A
30,22,27,A
30,22,27,A
30,22,27,A
30,22,27,A
27,24,22,A
27,24,22,A
27,24,22,A
27,24,22,A
27,24,22,A
49,25,26,A
49,25,26,A
49,27,24,A
49,27,24,A
48,27,24,A
48,27,24,A
43,28,22,A
43,28,22,A
44,29,22,A
42,27,22,A
42,27,22,A
40,27,24,A
58,23,26,A
58,23,26,A
57,24,28,W
57,24,28,W
-1,20,25,W
107,22,26,W
101,22,29,W
74,23,24,W
72,14,22,W
72,13,26,W
72,13,26,W
72,13,26,W
72,13,26,W
96,13,21,W
96,13,21,W
96,13,21,W
96,13,21,W
96,14,20,W
96,14,20,W
96,14,20,W
96,14,20,W
95,14,19,W
95,14,19,W
95,15,23,W
95,15,-1,W
95,15,-1,W
95,15,49,W
93,15,49,W
90,24,16,W
86,21,12,W
82,22,10,W
78,21,12,W
78,21,12,W
78,21,12,A
78,21,12,A
74,19,12,A
74,19,12,A
74,19,12,A
74,19,12,A
70,20,12,A
70,20,12,A
70,20,12,A
70,20,12,A
70,20,12,A
66,19,12,A
66,19,12,A
66,19,12,A
66,19,12,A
61,20,12,A
61,20,12,A
61,20,12,A
61,20,12,A
57,19,13,A
57,19,13,A
57,19,13,A
57,19,13,A
57,19,13,A
53,20,12,A
53,20,12,A
53,20,12,A
53,20,12,A
49,19,12,A
49,19,12,A
49,19,12,A
49,19,12,A
45,20,13,A
45,20,13,A
45,20,13,A
40,21,47,A
40,21,47,A
40,21,47,A
40,21,47,A
35,21,94,A
33,21,95,A
33,21,95,A
32,21,93,A
32,21,94,A
32,22,75,A
32,23,45,A
31,23,46,A
32,25,43,A
32,25,43,A
32,25,43,A
32,27,45,A
32,27,45,A
32,27,45,A
32,27,45,A
33,26,44,A
33,26,44,A
33,26,44,A
33,26,44,A
35,27,26,A
35,27,26,A
35,27,26,A
35,27,26,A
83,28,22,A
83,28,22,A
83,28,22,A
83,28,22,A
83,28,22,A
110,42,24,A
110,42,24,A
110,42,24,A
110,42,24,A
66,41,23,A
66,41,23,A
66,41,23,A
66,41,23,A
65,41,20,A
65,41,20,A
65,41,20, 
65,41,20, 
65,34,24, 
65,34,24, 
64,34,19, 
64,34,19, 
64,34,19,W
64,34,19,W
64,34,19,W
64,32,21,W
64,32,21,W
64,32,21,W
64,32,21,W
64,32,21,W
64,32,21,W
68,32,20,W
68,32,20,W
68,32,20,W
68,32,20,W
66,32,20,W
66,32,20,W
66,32,20,W
66,32,20,W
120,33,22,W
120,33,22,W
120,33,22,W
119,33,18,W
119,33,18,W
119,33,18,W
119,33,18,W
119,33,18,W
69,34,23,W
69,34,23,W
69,34,23,W
69,34,23,W
118,35,69,W
118,35,69,W
118,34,70,W
118,34,70,W
118,34,70,W
118,35,59,W
117,34,17,W
67,34,15,W
113,34,22,W
110,34,6,W
107,34,5,W
107,34,5,W
107,34,5,W
107,34,5,W
103,32,4,W
103,32,4,W
103,32,4,W
99,32,6,W
99,32,6,W
99,32,6,W
99,32,6,W
99,32,6,W
95,32,6,W
95,32,6,W
95,32,6,W
95,32,6,W
91,31,7,W
91,31,7,W
91,31,7,W
87,32,9,W
87,32,9,W
87,32,9,W
87,32,9,W
87,32,9,W
87,32,9,W
83,31,8,W
83,31,8,W
83,31,8,W
83,31,8,W
79,31,7,W
79,31,7,W
79,31,7,W
75,31,10,W
75,31,10,W
75,31,10,W
75,31,10,W
70,31,7,W
70,31,7, 
70,31,7, 
70,31,7, 
70,31,7, 
66,30,8, 
66,30,8, 
66,30,8, 
66,30,8, 
66,30,8, 
62,31,10, 
62,31,10,A
62,31,10,A
62,31,10,A
58,31,9,A
58,31,9,A
58,31,9,A
58,31,9,A
54,32,10,A
54,32,10,A
54,32,10,A
54,32,10,A
49,32,11,A
49,32,11,A
49,32,11,A
45,32,16,A
45,32,16,A
45,32,16,A
45,32,16,W
45,32,16,W
45,32,16,W
41,31,58,W
41,31,58,W
41,31,58,W
41,31,58,W
38,31,58,W
38,31,58,W
38,31,58,W
38,31,58,W
38,31,58,W
32,30,56,W
29,30,76,W
29,30,60,W
29,30,60, 
28,30,72, 
28,31,56, 
28,32,57, 
29,33,56, 
29,35,59, 
28,34,59,W
28,34,59,W
29,37,58,W
29,37,58,W
29,37,58,W
98,39,59,W
98,39,59,W
98,39,59,W
98,39,59,W
55,40,65,W
49,42,57,W
49,42,57,W
49,42,57,W
49,51,68,W
49,51,68,W
49,51,68,W
49,51,68,W
49,52,62,W
49,52,62,W
49,52,62,W
49,52,62,W
80,53,73,W
80,53,73,W
80,53,73,W
80,53,73,W
79,34,36,W
79,34,36,W
79,34,36,W
79,33,16,W
79,33,16,W
79,33,16,W
78,33,22,W
78,33,22,W
78,33,22,W
78,33,22,W
78,33,22,W
78,33,15,W
75,32,13,W
75,32,13,W
74,31,14,W
73,31,11,W
73,31,11,A
72,31,11,A
72,31,13,A
69,31,12,A
65,30,13,A
62,27,16,A
58,26,25,A
58,26,25,A
58,26,25,A
58,26,25,A
59,26,16,A
59,26,16,A
59,26,16,A
52,25,23,A
52,25,23,A
52,25,23,A
48,24,19,A
48,24,19,A
58,25,22,A
58,25,22,A
58,25,22,A
58,25,22,A
58,25,22,A
55,25,24,A
55,25,24,A
55,25,24,A
36,16,22,A
36,16,22,A
36,16,22,A
36,16,22,A
36,16,22,A
36,16,22,A
36,14,23,A
36,14,23,A
36,14,23,A
36,14,23,A
42,41,29,A
42,41,29,A
42,41,29,A
37,11,29,W
37,11,29,W
35,11,29,W
32,8,29,W
31,10,54,W
31,9,55,W
29,11,56,W
29,11,56,W
31,14,30,W
31,14,30,W
31,14,30,W
31,14,30,W
30,14,25, 
30,14,25, 
30,14,25, 
30,14,25, 
30,14,25, 
71,17,56, 
71,17,56, 
71,17,56, 
71,17,56, 
33,20,74,A
33,20,74,A
33,20,74,A
33,20,74,A
35,20,56,A
35,20,56,A
35,20,56,A
35,20,56,A
36,21,57,A
36,21,57,A
36,21,57,A
-1,27,50,A
-1,24,50,A
-1,24,50,A
-1,24,50,A
-1,33,99,A
124,25,56, 
-1,28,57, 
-1,28,56, 
-1,28,56, 
80,33,81, 
80,33,81, 
-1,30,25, 
-1,60,17, 
-1,176,15, 
55,19,15, 
78,20,12, 
101,24,14, 
101,24,14, 
101,28,11, 
101,28,11, 
101,28,11, 
100,28,11, 
100,22,86, 
97,19,23, 
94,19,11,A
90,16,12,A
90,16,12,A
86,16,15,A
86,16,15,A
83,16,22,W
83,16,22,W
80,46,15,W
79,15,16,W
79,15,16,W
79,15,16,W
79,15,16,W
79,15,15,W
78,15,14,W
78,15,14,W
77,15,16,W
77,15,15,W
77,15,15,W
77,15,15,W
77,15,14,W
75,14,15,W
71,15,15,W
69,15,17,W
65,15,16,W
61,19,16,W
61,19,16, 
61,19,16, 
56,15,16, 
56,15,16, 
56,15,16, 
56,15,16, 
56,15,16, 
53,15,15, 
53,15,15, 
53,15,15, 
53,15,15, 
49,17,18,A
49,17,18,A
49,17,18,A
49,17,18,A
44,15,20,A
44,15,20,A
44,15,20,A
44,15,20,A
44,15,20,A
40,14,22,A
40,14,22,A
40,14,22,A
36,14,21,A
36,14,21,A
36,14,21,A
36,14,21,A
31,54,32,A
30,34,122,A
30,34,122,A
30,14,36,A
29,26,34,A
28,13,32,A
27,14,30,A
29,15,29,A
29,18,29,A
29,18,29,A
29,18,29,A
29,18,29, 
27,21,24, 
27,21,24, 
27,21,24, 
27,21,24, 
29,20,26, 
29,20,26, 
29,20,26, 
29,20,26, 
29,20,26, 
53,21,19,A
53,21,19,A
53,21,19, 
53,21,19, 
50,24,19, 
50,24,19, 
50,24,19, 
50,24,19, 
49,25,65, 
49,25,65, 
49,25,65, 
49,25,65, 
50,30,66,W
50,30,66,W
50,30,66,W
50,30,66,W
55,29,69,W
55,29,69,W
55,29,69,W
113,29,69,W
113,29,69,W
113,29,69,W
113,29,69,W
113,33,110,W
113,33,110,W
113,34,63,W
111,30,84,W
109,27,72,W
106,26,55,W
102,23,10,W
102,23,10,W
102,23,10,W
102,23,10,W
99,22,11,W
98,21,13,W
98,21,13,W
97,21,14,W
97,21,14,W
96,21,13,W
96,22,13,W
96,22,13,W
96,20,12,W
95,20,8,W
92,20,11,W
89,21,9,W
85,25,11,W
81,23,8,W
81,23,8,W
77,23,10,W
77,23,10,W
77,23,10,W
75,21,10,W
75,21,10,W
74,21,9,W
74,21,9,W
73,22,9,W
73,22,9,W
73,22,9,W
73,22,9, 
73,21,10, 
71,21,9, 
68,21,10, 
64,21,11, 
60,21,11, 
60,21,11, 
56,21,14,A
56,21,14,A
56,21,14,A
56,21,14,A
52,20,13,A
52,20,13,A
52,20,13,A
52,20,13,A
49,19,14,A
49,19,14,A
49,19,14,A
49,19,14,A
44,20,17,A
44,20,17,A
44,20,17,A
44,20,17,A
40,20,46,A
40,20,46,A
40,20,46,A
35,20,94,A
34,19,96,A
34,20,95, 
35,20,95, 
35,20,95, 
35,20,78, 
34,19,61, 
34,20,95, 
35,19,49, 
34,20,48,A
35,21,49,A
35,21,49,A
35,21,49,A
35,21,49,A
35,21,45,A
35,21,45, 
35,21,45, 
35,21,45, 
35,23,26,A
35,23,26,A
35,23,26,A
35,23,26,A
36,25,24,A
36,25,24,A
36,25,24,A
36,25,24,A
88,42,22,A
88,42,22,A
88,42,22,A
88,42,22,A
88,42,22,A
173,42,24,A
173,42,24,A
138,42,24,A
138,42,24,A
70,42,25,A
68,42,22,A
69,37,25,A
69,37,25,A
129,36,26,A
129,36,26,A
134,36,25,A
68,37,22,A
66,35,22,A
66,35,22,A
66,35,22,A
123,34,21,A
122,33,25,A
121,33,27,A
121,33,26, 
121,33,26, 
121,33,26, 
121,33,26,A
120,32,26,A
120,32,22,A
119,31,15,A
118,31,43,A
116,32,14,A
116,32,14,A
115,32,15,A
115,31,15,A
115,31,15,A
114,31,10,A
112,31,12,A
109,30,10, 
106,29,10, 
102,28,10, 
102,28,10, 
98,28,12, 
96,26,15, 
96,26,15,W
94,26,15,W
94,26,14,W
94,26,14,W
94,26,14,W
94,26,14,W
94,27,13,W
93,26,12,W
93,26,12,W
92,26,14,W
92,26,14,W
92,26,13,W
91,26,13,W
89,26,13,W
86,25,14,W
82,25,16,W
78,25,16,W
78,25,16,W
78,25,16,W
73,24,15,W
73,24,15,W
73,24,15,W
73,24,15,W
70,24,15,W
70,24,15,W
70,24,15,W
70,24,15,W
66,24,16,W
66,24,16,W
66,24,16,W
66,24,16,W
66,24,16,W
62,24,17,W
62,24,17,W
62,24,17, 
62,24,17, 
57,26,17, 
57,26,17, 
57,26,17, 
54,24,18,A
54,24,18,A
54,24,18,A
54,24,18,A
49,25,19,A
49,25,19,A
49,25,19,A
49,25,19,A
49,25,19,A
49,25,19,A
45,23,59,A
45,23,59,A
45,23,59,A
45,23,59,A
40,23,57,A
40,23,57,A
40,23,57,A
36,22,67,A
36,22,67,A
36,22,67,A
36,22,67,A
36,22,67,A
36,22,67,A
32,21,57,A
32,21,57,A
32,21,57,A
28,21,64,A
28,21,64,A
27,23,87,A
27,22,68,A
24,22,57,A
26,23,71,A
28,24,71,A
24,25,71,A
24,25,71,A
24,25,71,A
24,25,71,A
28,27,37,A
28,27,37,A
28,27,37,A
28,27,37,A
80,29,36, 
80,29,36,W
80,29,36,W
80,29,36,W
56,37,36,W
56,37,36,W
56,37,36,W
56,37,36,W
61,40,36,W
61,40,36,W
61,40,36,W
61,40,36,W
61,40,36,W
55,42,36,W
55,42,36,W
55,42,36,W
55,42,36,W
55,41,34,W
55,41,34,W
55,41,34,W
55,41,34,W
55,43,34,W
55,43,34,W
55,43,34,W
55,43,34,W
54,30,33,W
54,30,33,W
54,30,33,W
84,28,81,W
84,28,81,W
84,28,81,W
84,28,81,W
84,28,55,W
84,28,55,W
84,28,55,W
84,28,55,W
84,28,55,W
84,28,55,W
83,28,77,W
83,28,77,W
83,28,77,W
83,28,77,W
83,28,77,W
83,29,77,W
83,30,92,W
83,30,92,W
83,30,56,W
82,30,74,W
79,28,77,W
76,29,18,W
74,28,14,W
68,27,15,W
68,27,15,W
68,27,15,W
64,28,16,W
64,28,16,W
64,28,16,W
64,28,16,W
64,28,16,W
62,26,17,W
62,26,17,W
62,26,17,W
73,25,18,W
73,25,18,W
56,26,16,W
56,26,16, 
56,26,16, 
56,26,16, 
56,26,16,A
56,26,16,A
64,24,18,A
64,24,18,A
64,24,18,A
64,24,18,A
64,24,18,A
60,24,18,A
60,24,18,A
60,24,18,A
60,24,18,A
55,22,19,A
55,22,19,A
55,22,19,A
55,22,19,A
51,20,21,A
51,20,21,W
51,20,21,W
51,20,21,W
49,18,22,W
49,18,22,W
49,18,22,W
49,18,22,W
49,18,22,W
47,16,20,W
47,16,20,W
47,16,20, 
47,16,20, 
40,14,20, 
40,14,20, 
40,14,20, 
40,14,20,A
39,15,24,A
39,15,24,A
39,15,24,A
35,15,46,A
30,14,29,A
28,15,55,A
29,16,56,A
36,18,53,A
30,18,43,A
30,18,43,A
30,18,43,A
30,18,43,A
29,39,23,A
29,39,23,A
29,39,23,A
29,39,23,A
30,23,25,A
30,23,25,A
30,23,25,A
30,23,25,A
30,28,20,A
30,28,20,A
35,24,21,A
36,25,54,A
81,28,22,W
77,26,76,W
77,26,76,W
77,26,76,W
-1,28,47,W
-1,27,49,W
-1,30,89,W
-1,33,29,W
71,171,29,W
111,17,18,W
111,17,18,W
111,17,18,W
108,17,27,W
108,17,27,W
108,17,27,W
108,17,27,W
58,19,17,W
58,19,17,W
58,19,17,W
58,19,17,W
80,21,14,W
80,21,14,W
80,21,14,W
101,21,14,W
101,21,12,W
101,21,12,W
102,21,12,W
102,21,12,W
101,20,15,W
101,22,21,W
101,22,21,W
100,20,14, 
99,20,58, 
96,18,50, 
92,19,12, 
89,17,10,A
89,17,10,A
77,17,11,A
77,17,11,A
77,17,11,A
77,17,11,A
80,21,13,A
80,21,13,A
80,21,13,A
80,21,13,A
76,22,13,A
76,22,13,A
76,22,13,A
76,22,13,A
71,16,14,A
71,16,14,A
71,16,14,A
71,16,14,A
71,16,14,A
69,21,19,A
69,21,19,A
69,21,19,A
69,21,19,A
62,15,18,A
62,15,18,A
62,15,18,A
62,15,18,A
59,30,16,A
59,30,16,A
59,30,16,A
59,30,16,A
55,13,17,A
55,13,17,A
55,13,17,A
55,13,17,A
55,13,17,A
51,12,22,A
51,12,22,A
51,12,22,A
51,12,22,A
51,12,22,A
48,12,21,A
48,12,21,A
51,54,19,A
44,12,19,A
40,14,21,A
41,13,19,A
39,14,18,A
39,15,19,A
39,15,19,A
39,15,19,A
39,15,19,A
39,16,18, 
39,16,18, 
38,17,18, 
38,17,18, 
38,17,22, 
38,16,15, 
34,57,19, 
34,57,19,W
31,42,16,W
31,42,16,W
29,22,29,W
27,21,26,W
27,24,25,W
29,24,18,W
49,25,22,W
49,26,17, 
49,26,17, 
49,26,17, 
49,26,17, 
49,28,29, 
49,28,29, 
49,28,29, 
49,28,29, 
49,31,23, 
49,31,23, 
49,31,23, 
49,31,114, 
49,31,114, 
46,30,56,W
45,29,15,W
45,29,15,W
107,29,11,W
107,29,11,W
103,28,14,W
102,28,12,W
101,22,11,W
101,22,11,W
100,21,13,W
100,21,11,W
100,21,11,W
100,21,11,W
100,21,11,W
97,24,15,W
97,29,14,W
97,29,14,W
74,22,15,W
95,20,12,W
95,20,12,W
95,20,10,W
95,20,12,W
95,20,12,W
95,20,10,W
93,20,12,W
91,21,10,W
87,21,9,W
84,25,11,W
80,23,9,W
80,23,9,W
80,23,9,W
76,21,11,W
76,21,11,W
76,21,11,W
76,21,11,W
72,19,12,W
72,19,12,W
72,19,12,W
72,19,12, 
68,19,15, 
68,19,15, 
68,19,15, 
68,19,15, 
68,19,15,A
64,19,14,A
64,19,14,A
64,19,14,A
64,19,14,A
60,17,16,A
60,17,16,A
60,17,16,A
60,17,16,A
56,16,15,A
56,16,15,A
56,16,15,A
56,16,15, 
52,16,16,W
52,16,16,W
52,16,16,W
52,16,16,W
48,15,25,W
48,15,25,W
48,15,25,W
48,15,25,W
44,17,20,W
44,17,20,W
44,17,20,W
44,17,20,W
44,17,20,W
41,14,53,W
41,14,53,W
41,14,53,W
36,14,56,W
36,14,56,W
34,14,52,W
31,14,53, 
31,13,54, 
30,14,53,A
30,14,53,A
30,14,53,A
30,14,53,A
30,14,53,A
30,14,53,A
30,15,53,A
30,15,53,A
30,15,53,A
30,15,53,A
30,23,35,A
30,23,35,A
30,23,35,A
30,23,35,A
30,23,35,A
30,22,33,A
30,22,33,A
30,22,33,A
32,35,30,A
32,35,30,A
31,21,52,A
29,17,49,A
26,19,50,A
26,19,50,A
26,19,50,A
23,23,50,A
72,22,52,A
84,23,51,A
83,31,52,A
85,29,55,A
72,31,39,A
72,31,39,A
72,31,39,A
72,31,39,A
85,32,55,A
85,32,55,A
85,32,55,A
85,32,55,A
88,32,54,A
88,32,54,A
88,32,54,A
88,32,54,A
129,33,57,A
129,33,57,A
129,33,57,A
129,33,57,A
105,34,56,A
105,34,56,A
105,34,56,A
105,34,56,A
129,21,57,A
129,21,57,A
129,21,57,A
127,20,36,W
127,20,36,W
127,20,36,W
127,20,36,W
127,20,36,W
127,20,36,W
71,20,35,W
71,20,35,W
71,20,35,W
71,20,35,W
124,21,35,W
124,21,35,W
124,21,35,W
124,21,35,W
123,21,34,W
123,21,34,W
123,21,34,W
123,21,34,W
61,21,33,W
61,21,33,W
61,21,33,W
61,21,33,W
61,21,33,W
61,21,33,W
61,21,33,W
61,21,33,W
63,21,37,W
63,21,37,W
63,21,37,W
63,21,37,W
63,21,37,W
66,22,35,W
66,22,35,W
66,22,35,W
66,22,35,W
120,23,82,W
120,23,82,W
120,23,82,W
119,23,79,W
119,23,79,W
119,23,75,W
118,23,68,W
115,23,35,W
112,22,18,W
109,22,16,W
105,22,15,W
105,22,15,W
105,22,15,W
101,22,17,W
101,22,17,W
101,22,17,W
96,21,16,W
96,21,16,W
96,21,16,W
96,21,16,W
96,21,16,W
92,21,19,W
92,21,19,W
92,21,19,W
92,21,19,W
88,23,18,W
88,23,18,W
88,23,18,W
88,23,18,W
84,21,23,W
84,21,23,W
84,21,23,W
84,21,23,W
84,21,23,W
80,20,23,W
80,20,23,W
80,20,23,W
80,20,23,W
76,20,20,W
76,20,20,W
76,20,20,W
76,20,20,W
71,21,21,W
71,21,21,W
71,21,21,W
71,21,21,W
68,20,20,W
68,20,20, 
68,20,20,A
68,20,20,A
63,20,20,A
63,20,20,A
63,20,20,A
63,20,20,A
59,20,20, 
59,20,20, 
59,20,20, 
59,20,20, 
59,20,20,W
55,21,21,W
55,21,21,W
55,21,21,W
55,21,21,W
51,20,22,W
51,20,22,W
51,20,22,W
51,20,22,W
48,20,25,W
48,20,25,W
48,20,25,W
48,20,25,W
42,20,56,W
42,20,56,W
42,20,56,W
42,20,56,W
38,20,38, 
38,20,38, 
38,20,38, 
35,19,102, 
35,19,102,A
32,20,62,A
32,20,40,A
31,20,39,A
31,21,39,A
31,22,37,A
31,23,36,A
31,23,36,A
31,23,36,A
31,24,35,A
31,24,35,A
31,24,35,A
31,24,35,A
31,24,35,A
31,24,35,A
33,27,34,A
33,27,34,A
33,27,34,A
63,28,29,A
63,28,29,A
63,30,33,A
56,30,35, 
90,32,68, 
90,32,68, 
90,32,68, 
55,34,92, 
59,35,67, 
95,40,37, 
56,42,36, 
49,43,35, 
49,45,33,W
49,45,33,W
49,45,33,W
49,47,35,W
49,47,35,W
49,47,35,W
49,47,35,W
49,47,35,W
49,24,37,W
49,24,37,W
49,24,37,W
49,24,37,W
58,24,79,W
58,24,79,W
58,24,79,W
58,24,79,W
58,24,79,W
80,25,67,W
80,25,67,W
80,25,67,W
80,25,67,W
79,25,58,W
79,25,58,W
79,25,58,W
79,25,58,W
79,25,80,W
79,26,79,W
79,26,79,W
79,25,76,W
76,24,77,W
74,24,40,W
72,26,18,W
69,23,20,W
62,22,19,W
62,22,19,W
62,22,19,W
59,22,21,W
59,22,21,W
57,23,19,W
74,23,19,W
74,23,19,W
74,23,17,W
74,23,17,W
74,24,17,W
69,23,19,W
55,23,18,W
64,23,17,A
61,22,18,A
57,21,18,A
57,21,18,A
57,21,18,A
57,21,18,A
54,20,18,A
54,20,18,A
54,20,18,A
54,20,18,A
50,20,17,A
50,20,17,A
50,20,17,A
46,18,19,A
46,18,19,A
46,18,19,A
46,18,19,A
42,18,18,A
42,18,18,A
42,18,18,A
42,18,18,A
42,18,18,A
37,18,22,A
37,18,22,A
37,18,22,A
37,18,22,A
37,18,22,A
33,18,35,A
33,18,35,A
33,18,35,A
33,18,35,A
31,19,51,A
31,19,51,A
31,19,51,A
31,19,51,A
30,20,53,A
30,20,53,A
27,19,55,A
20,19,56,A
19,20,51, 
25,19,53, 
23,20,53, 
21,21,49, 
21,21,49, 
21,21,49, 
21,21,49, 
21,25,55, 
21,25,55, 
21,25,55, 
21,25,55, 
78,24,94, 
78,24,94,W
78,24,94,W
78,24,94,W
-1,28,94,W
-1,28,94,W
-1,28,94,W
-1,28,94,W
-1,28,94,W
122,28,29,W
122,28,29,W
122,28,29,W
122,28,29,W
119,25,26,W
119,25,26,W
119,25,26,W
119,25,26,W
-1,23,29,W
-1,23,29,W
-1,23,29,W
109,22,29,W
109,22,29,W
109,22,29,W
109,22,29,W
109,22,29,W
83,23,55,W
83,23,55,W
83,23,55,W
83,23,55,W
83,23,55,W
116,24,55,W
107,24,55,A
107,25,54,A
107,25,54,A
107,25,54,A
106,25,55,A
105,22,56,A
101,22,18,A
97,27,10,A
94,20,8,A
90,19,8,A
90,19,8,A
90,19,8, 
90,19,8, 
86,21,10, 
86,21,10, 
86,21,10, 
82,19,10,W
82,19,10,W
82,19,10,W
82,19,10,W
82,19,10,W
78,18,12,W
78,18,12,W
78,18,12,W
78,18,12,W
78,18,12,W
74,17,13,W
74,17,13,W
74,17,13,W
74,17,13,W
74,17,13,W
69,15,18,W
69,15,18,W
66,16,58,W
64,16,18,A
63,16,14,A
61,16,14,A
61,16,14,A
61,17,14,A
61,17,14,A
61,19,12,A
59,18,13,A
56,17,14,A
52,18,13,A
49,18,12,A
49,18,12,A
45,20,13,A
45,20,13,A
45,20,13,A
45,20,13,A
41,19,13,A
41,19,13,A
41,19,13,A
41,19,13,A
37,19,12,A
37,19,12, 
37,19,12, 
37,19,12, 
33,21,16, 
33,21,16, 
29,42,48, 
29,42,48, 
29,24,28,W
29,23,25,W
29,22,29,W
26,22,23,W
26,23,22,W
29,25,27,W
29,25,27,W
29,25,27,W
29,25,27,W
29,28,29,W
29,28,29,W
29,28,29,W
29,28,29,W
46,28,43,W
46,28,43,W
47,29,40,W
47,29,40,W
47,29,16,W
47,31,15,W
44,31,18,W
44,31,18,W
42,28,18,W
42,28,18,W
-1,28,18,W
39,25,19,W
39,26,18,W
38,27,16,W
101,29,24,W
101,29,24,W
99,20,15,W
99,20,15,W
99,20,15,W
99,22,11,W
99,22,11,W
99,22,11,W
99,22,11,W
98,21,10,W
98,21,10,W
98,21,10,W
98,21,10,W
98,21,8,W
98,21,8,W
97,22,7,W
96,22,70,W
93,23,8,W
90,21,8,W
86,27,4,W
82,28,6,W
82,28,6,W
82,28,6,W
82,28,6,W
78,26,9,W
78,26,9,W
78,26,9,W
78,26,9,W
74,24,6,W
74,24,6,W
74,24,6,W
74,24,6,W
70,23,8, 
70,23,8, 
70,23,8, 
70,23,8, 
66,23,9, 
66,23,9, 
66,23,9, 
66,23,9,A
62,23,10,A
62,23,10,A
62,23,10,A
62,23,10,A
62,23,10,A
58,23,10,A
58,23,10,A
58,23,10,A
58,23,10,A
54,23,10,A
54,23,10,A
54,23,10,A
54,23,10,A
50,22,11,A
50,22,11,A
50,22,11,A
50,22,11,A
47,24,12,A
47,24,12,A
47,24,12,A
47,24,12,A
42,22,17,A
42,22,17,A
42,22,17,A
42,22,17,A
42,22,17,A
37,21,59,A
37,21,59,A
37,21,59,A
34,21,94,A
34,21,94,A
32,21,64,A
31,21,59,A
30,22,50,A
29,22,49,A
29,23,49,A
29,26,49,A
29,26,49,A
29,26,49,A
29,26,49,A
29,25,48,A
29,25,48,A
29,25,48,A
29,25,48,A
28,23,49,A
28,23,49,A
28,23,49,A
28,23,49,A
28,23,49,A
29,24,49,A
29,24,49,A
29,24,49,A
29,24,49,A
30,27,50,A
30,27,50,A
30,27,50,A
30,27,50,A
64,28,49,A
64,28,49,A
64,28,49,A
64,28,49,A
68,39,57,A
68,39,57,A
68,39,57,A
68,39,57,A
63,38,30,A
63,38,30,A
63,38,30,A
63,38,30,A
65,40,29,A
65,40,29,A
65,40,29,A
65,40,29,A
65,40,29,A
64,41,29,A
64,41,29,A
64,41,29,A
63,40,29,A
63,40,29,A
63,40,29,A
63,40,29,A
89,35,29,A
89,35,29,A
89,35,29,A
89,35,29, 
89,35,29, 
61,31,29, 
61,31,29, 
61,31,29, 
61,31,29, 
67,29,29, 
67,29,29, 
67,29,29, 
67,29,29,W
65,29,28,W
65,29,28,W
65,29,28,W
65,29,28,W
65,29,28,W
61,29,73,W
61,29,73,W
61,29,73,W
61,29,73,W
66,28,56,W
66,28,56,W
66,28,56,W
66,28,56,W
119,28,77,W
119,28,77,W
119,28,77,W
119,28,77,W
119,29,27,W
119,29,27,W
119,29,27,W
119,29,27,W
119,29,27,W
118,29,75,W
118,29,75,W
118,29,75,W
118,29,75,W
117,31,73,W
117,31,73,W
117,31,73,W
117,31,71,W
117,31,71,W
117,31,71,W
116,32,67,W
114,31,16,W
111,30,10,W
108,29,8,W
104,29,10,W
104,29,10,W
100,29,9,W
100,29,9,W
100,29,9,W
100,29,9,W
100,29,9,W
96,28,10,W
96,28,10,W
96,28,10,W
96,28,10,W
93,28,10,W
93,28,10,W
93,28,10,W
93,28,10,W
88,27,12,W
88,27,12,W
88,27,12,W
88,27,12,W
84,27,15,W
84,27,15,W
84,27,15,W
84,27,15,W
80,27,15,W
80,27,15,W
80,27,15,W
80,27,15,W
76,27,13,W
76,27,13,W
76,27,13,W
76,27,13,W
76,27,13,W
72,26,13,W
72,26,13,W
72,26,13,W
72,26,13,W
68,25,15,W
68,25,15,W
68,25,15,W
68,25,15, 
63,26,14, 
63,26,14, 
63,26,14, 
63,26,14, 
59,26,16,A
59,26,16,A
59,26,16,A
59,26,16,A
59,26,16,A
55,26,17,A
55,26,17,A
55,26,17,A
55,26,17,A
51,27,17,A
51,27,17,A
51,27,17,A
51,27,17,A
47,24,56,A
47,24,56,A
47,24,56,A
47,24,56,A
44,24,34,A
44,24,34,A
44,24,34,A
44,24,34,A
44,24,34,A
41,25,57,A
41,25,57,A
41,25,57,A
41,25,57,A
36,22,58,A
36,22,58,A
36,22,58,A
36,22,58,A
32,22,59,A
32,22,59,A
32,22,59,A
32,22,59,A
28,21,62,A
28,21,62,A
24,21,56,A
25,22,63,A
22,22,61,A
25,23,74,A
22,24,59,A
25,25,76,A
25,25,76,A
25,25,76,A
25,25,76,A
23,27,70,A
23,27,70,A
23,27,70,A
23,27,70,A
25,28,70,A
25,28,70,A
25,28,70,A
25,28,70, 
25,28,70, 
79,30,42, 
79,30,42, 
79,30,42, 
79,30,42, 
56,34,70, 
56,34,70, 
56,34,70, 
56,34,70, 
81,39,38, 
81,39,38,W
81,39,38,W
81,39,38,W
59,40,38,W
59,40,38,W
59,40,38,W
59,40,38,W
68,41,36,W
68,41,36,W
68,41,36,W
68,41,36,W
54,41,38,W
54,41,38,W
54,41,38,W
54,41,38,W
55,26,84,W
55,26,84,W
55,26,84,W
55,26,84,W
55,26,84,W
65,25,55,W
65,25,55,W
65,25,55,W
65,25,55,W
84,28,84,W
84,28,84,W
84,28,84,W
84,28,84,W
66,28,56,W
66,28,56,W
66,28,56,W
66,28,56,W
61,26,96,W
61,26,96,W
61,26,96,W
61,26,96,W
61,26,96,W
83,27,80,W
83,28,96,W
83,28,96,W
66,28,75,W
81,27,91,W
79,26,78,W
76,26,22,W
76,25,19,W
86,25,16,W
86,25,16,W
86,25,16,W
86,25,16,W
66,26,16,W
66,26,16,W
66,26,16,W
60,24,17,W
60,24,17,W
60,24,17,W
60,24,17,W
60,24,17,W
73,24,16,W
73,24,16,W
73,24,16,W
73,24,16,W
55,24,17,W
55,24,17,W
55,24,17, 
55,24,17, 
55,24,19, 
55,24,19, 
55,24,19, 
55,24,19, 
60,26,18,A
60,26,18,A
60,26,18,A
60,26,18,A
60,26,18,A
56,21,21,A
56,21,21,A
56,21,21,A
56,21,21,A
52,19,19,A
52,19,19,A
52,19,19,A
52,19,19,A
49,18,20,A
49,18,20,A
49,18,20,A
49,18,20,A
45,17,20,A
45,17,20,A
45,17,20,A
45,17,20,A
45,15,21,A
45,15,21, 
45,15,21, 
37,14,22, 
37,14,22, 
37,14,22, 
37,14,22,W
36,14,27,W
36,14,27,W
33,15,26,W
31,14,54,W
35,15,56,W
32,23,53,W
29,19,51,W
29,19,51,W
29,21,46,W
29,21,46,W
29,21,46,W
29,21,46,W
30,24,25, 
30,24,25, 
30,24,25, 
30,24,25, 
30,24,25, 
31,25,20, 
31,25,20, 
31,25,20, 
31,25,20, 
38,35,78, 
38,35,78,A
38,35,78,A
-1,26,64,A
-1,26,64,A
-1,26,64,A
-1,26,64,A
-1,26,64,A
-1,28,130,A
-1,28,130,A
79,28,92,A
121,32,96,A
-1,41,21, 
-1,30,85, 
-1,30,85, 
-1,37,22, 
-1,37,22, 
72,38,22, 
49,23,112, 
104,23,10,W
-1,25,10,W
101,22,12,W
101,22,12,W
100,48,8,A
100,48,8,A
100,23,9,A
100,25,9,A
100,25,9,A
61,23,9,A
98,24,9, 
98,24,9, 
98,30,10, 
98,30,10, 
98,23,10, 
97,28,9, 
94,21,6,W
90,21,7,W
86,21,10,W
86,21,10,W
82,21,9,W
82,21,9,W
82,21,9,W
82,21,9,W
79,19,10,W
79,19,10,W
79,19,10,W
79,19,10,W
74,19,13,W
74,19,13,W
74,19,13,W
74,19,13,W
71,18,13,W
71,18,13,W
71,18,13,W
67,18,56,W
67,18,56,W
66,18,14,W
64,17,19,W
63,17,12,A
63,17,12,A
62,18,11,A
62,18,11,A
61,19,11,A
59,19,11,A
57,18,11,A
54,19,11,A
50,20,11,A
46,20,12,A
46,20,12,A
46,20,12,A
46,20,12,A
43,20,11,A
43,20,11,A
43,20,11,A
43,20,11,A
38,18,14,A
38,18,14,A
38,18,14,A
38,18,14,A
34,20,69,A
34,20,69,A
34,20,69,A
34,20,69,A
34,20,69,A
30,21,30,A
30,21,30,A
27,20,28,A
29,21,29,A
24,22,27,A
25,22,29,A
22,26,28,W
23,24,24,W
23,24,24,W
23,24,24,W
23,24,24,W
22,26,24,W
22,26,24,W
22,26,24,W
22,26,24,W
24,27,24,W
24,27,24,W
24,27,24,W
24,27,24,W
45,29,23, 
45,29,23, 
45,29,23, 
45,29,23, 
43,30,21, 
43,30,21, 
43,30,21,W
43,30,21,W
44,29,23,W
44,29,23,W
44,29,23, 
69,36,14, 
69,36,14, 
69,36,14, 
107,28,11, 
105,26,10, 
104,25,9, 
104,25,9, 
104,25,9, 
104,25,9,W
104,25,9,W
104,25,9,W
104,25,9,W
104,25,9,W
104,25,9,W
104,25,9,W
104,25,9,W
88,26,9,W
101,25,7,W
99,24,9,A
96,24,12,A
92,22,9,A
92,22,9,A
88,25,10,A
88,25,10,A
86,23,7,A
86,23,7, 
83,24,9, 
83,24,9, 
82,24,8, 
81,24,9, 
79,24,10, 
75,22,11,W
72,20,10,W
68,19,15,W
68,19,15,W
68,19,15,W
64,18,15,W
64,18,15,W
64,18,15,W
64,18,15,W
60,18,16,W
60,18,16,W
60,18,16,W
60,18,16,W
56,17,16,W
56,17,16,W
56,17,16,W
54,15,20,W
54,15,20,W
52,16,17,W
51,15,17,A
50,16,16,A
50,16,16,A
49,17,15,A
49,17,15,A
49,17,16,A
48,16,16,A
46,34,15,A
43,17,16,A
39,19,49,A
36,19,49,A
36,19,49,A
36,19,49,A
33,18,49,A
33,18,49,A
33,18,49,A
33,18,49,A
28,19,50,A
28,19,50,A
28,19,50,A
25,19,54,A
25,19,54,A
23,20,54,A
23,19,54,A
22,20,55,A
26,20,49,A
23,20,54,A
23,20,54,A
24,20,49,A
24,20,49,A
24,20,49,A
24,20,49,A
24,21,52,A
24,21,52,A
24,21,52,A
24,21,52,A
22,22,51,A
22,22,51,A
22,22,51,A
22,22,51,A
22,22,49,A
22,22,49,A
22,22,49,A
22,22,49,A
22,22,54,A
22,22,54,A
22,22,54,A
22,22,54,A
22,22,54,A
22,23,53,A
22,23,53,A
22,23,53,A
22,23,53,A
23,25,53,A
23,25,53,A
23,25,53,A
23,25,53,A
85,28,52,A
85,28,52,A
85,28,52,A
85,28,52,A
73,33,53,A
73,33,53,A
73,33,53,A
73,33,53,A
85,33,54,A
85,33,54,A
85,33,54,A
85,33,54,A
85,33,54,A
84,35,51,A
84,35,51,A
84,35,51,A
63,34,53,A
63,34,53,A
63,34,53,A
63,34,53,A
63,34,53,A
107,34,39,A
107,34,39,A
107,34,39,A
129,34,37,A
129,34,37,A
129,34,37,A
129,34,37,A
129,34,37,A
128,27,37,A
128,27,37,A
128,27,37,A
128,27,37,A
128,27,37,A
128,24,37,A
128,24,37,A
128,24,37,A
128,24,37,A
61,21,35,A
61,21,35,A
61,21,35,A
61,21,35,A
62,20,36,A
62,20,36,A
62,20,36,A
62,20,36,A
125,20,35, 
125,20,35, 
125,20,35, 
125,20,35, 
125,20,35, 
124,21,36, 
124,21,36, 
124,21,36,W
124,21,36,W
124,20,35,W
124,20,35,W
124,20,35,W
60,20,35,W
60,20,35,W
60,20,35,W
60,20,35,W
60,20,35,W
120,21,34,W
120,21,34,W
120,21,34,W
120,21,34,W
120,20,36,W
120,20,36,W
120,20,36,W
120,20,36,W
59,20,33,W
59,20,33,W
59,20,33,W
59,20,33,W
59,20,33,W
72,22,35,W
72,22,35,W
72,22,35,W
72,22,35,W
57,22,45,W
57,22,45,W
57,22,45,W
57,22,45,W
117,23,77,W
117,23,77,W
117,23,77,W
117,23,77,W
117,23,79,W
117,23,79,W
113,23,78,W
116,23,78,W
113,22,82,W
111,24,16,W
107,23,15,W
103,23,16,W
103,23,16,W
103,23,16,W
99,22,18,W
99,22,18,W
99,22,18,W
99,22,18,W
99,22,18,W
95,22,16,W
95,22,16,W
95,22,16,W
91,21,18,W
91,21,18,W
91,21,18,W
91,21,18,W
91,21,18,W
87,21,19,W
87,21,19,W
87,21,19,W
87,21,19,W
83,21,18,W
83,21,18,W
83,21,18,W
83,21,18,W
78,21,19,W
78,21,19,W
78,21,19,W
78,21,19, 
78,21,19, 
74,22,17, 
74,22,17, 
74,22,17, 
74,22,17, 
71,21,18, 
71,21,18,A
71,21,18,A
71,21,18,A
66,20,18,A
66,20,18,A
66,20,18,A
66,20,18,A
62,21,19,A
62,21,19,A
62,21,19,A
62,21,19,A
58,22,22,A
58,22,22,A
58,22,22,A
58,22,22,A
58,22,22,A
54,22,20,A
54,22,20,A
54,22,20,A
54,22,20,A
50,21,29,A
50,21,29,A
50,21,29,A
50,21,29,A
47,21,26,A
47,21,26,A
47,21,26,A
47,21,26,A
42,21,35,A
42,21,35,A
42,21,35,A
42,21,35,A
39,21,68,A
39,21,68,A
39,21,68,A
39,21,68,A
39,21,68,A
35,20,73,A
35,20,73,A
31,21,80,A
31,21,59,A
29,20,75,A
29,23,71,A
30,23,84,A
30,24,62,A
30,24,62,A
30,24,62,A
29,26,42,A
29,26,42,A
29,26,42,A
29,26,42,A
30,27,67,A
30,27,67,A
30,27,67,A
30,27,67,A
31,28,66,A
31,28,66,A
31,28,66,A
31,28,66,A
60,38,36,A
60,38,36,W
60,38,36,W
60,38,36,W
60,38,36,W
56,40,35,W
56,40,35,W
56,40,35,W
56,40,35,W
57,39,26,W
57,39,26,W
57,39,26,W
57,39,26,W
59,44,33,W
59,44,33,W
59,44,33,W
59,44,33,W
56,41,30,W
56,41,30,W
56,41,30,W
56,41,30,W
55,34,25,W
55,34,25,W
55,34,25,W
55,34,23,W
55,34,23,W
55,34,23,W
55,34,23,W
55,34,23,W
55,33,61,W
55,33,61,W
55,33,61, 
55,33,61, 
55,33,61, 
55,33,91, 
55,33,91,A
55,33,91,A
55,33,91,A
56,33,77,A
56,33,77,A
56,33,77,A
87,33,88,A
87,33,88,A
87,34,60,A
84,33,60,A
81,33,90,A
79,30,65,W
76,30,15,W
73,29,15,W
73,29,15,W
73,29,15,W
73,29,15,W
68,27,16,W
68,27,16,W
68,27,16,W
68,27,16,W
63,26,17,W
63,26,17,W
63,26,17,W
61,27,19,W
61,27,19,W
57,24,18,W
57,24,17,W
68,25,16,W
56,25,18,W
56,25,18,W
56,25,18,W
72,27,17,W
56,26,16,W
68,26,15,W
63,25,15,W
60,23,16,W
57,25,16,W
57,25,16,W
57,25,16,W
55,21,16,W
55,21,16,W
55,21,16,A
55,21,16,A
50,21,16,A
50,21,16,A
50,21,16,A
50,21,16,A
46,20,17,A
46,20,17,A
46,20,17,A
46,20,17,A
44,19,17,A
44,19,17,A
44,19,17,A
44,19,17,A
44,19,17,A
38,19,22,A
38,19,22,A
38,19,22,A
38,19,22,A
35,18,19,A
35,18,19,A
35,18,19,A
31,19,51,A
31,19,51,A
31,19,51,A
31,19,51,A
31,19,51,A
31,19,51,A
29,20,55,A
25,20,86,A
25,20,86,A
51,19,67,A
20,21,57,A
21,20,50,A
23,19,121,A
20,20,55,A
20,20,55,A
21,28,79,A
21,28,79,A
21,28,79,W
21,28,79,W
21,22,82,W
21,22,82,W
21,22,82,W
21,22,82,W
25,24,81,W
25,24,81,W
25,24,81,W
25,24,81,W
73,28,79,W
73,28,79,W
73,28,79,W
73,28,79,W
-1,29,59,W
-1,29,59,W
-1,29,59,W
-1,29,59,W
76,27,27,W
76,27,27,W
76,27,27,W
76,27,27,W
-1,52,71,W
-1,52,71,W
-1,52,71,W
-1,52,71,W
114,24,25,W
114,24,25,W
114,24,25,W
114,24,25,W
114,24,25,W
112,23,23,W
112,23,23,W
107,55,55,W
107,55,55,W
107,55,55,W
107,55,55,W
107,55,55,W
63,29,54,W
63,29,54,W
105,26,53,W
105,26,53,W
105,25,53,W
104,23,54,W
101,24,19,W
98,22,67, 
94,21,6, 
91,20,9, 
91,20,9,A
91,20,9,A
91,20,9,A
86,21,8,A
86,21,8,A
86,21,8,A
86,21,8,A
83,21,10,A
83,21,10,A
83,21,10,A
83,21,10,A
79,22,10,A
79,22,10,A
79,22,10,A
79,22,10,A
75,18,13,A
75,18,13,A
75,18,13,A
75,18,13,A
75,18,13,A
70,28,27,A
70,28,27,A
70,28,27, 
70,28,27, 
66,17,14, 
66,17,14, 
66,17,14, 
66,17,14,W
63,17,13,W
63,17,13,W
63,17,13,W
63,17,13,W
58,34,13,W
58,34,13,W
58,34,13,W
58,34,13,W
55,16,15,A
55,16,15,A
55,16,15,A
55,16,15,A
55,16,15,A
51,15,15,A
51,15,15,A
49,15,16,A
48,15,16,A
45,16,15,A
45,16,15,A
45,21,15,A
45,17,16,A
45,17,16,A
43,16,15,A
42,18,15,A
39,16,18,A
35,16,14,A
31,18,18,A
31,18,18,A
31,18,18,A
28,20,27,A
28,20,27,A
26,19,29,A
24,20,29,A
26,20,28,A
22,27,30,A
24,22,29,A
24,22,29,A
22,25,51,W
22,25,51,W
22,25,51,W
22,25,51,W
25,28,27,W
25,28,27,W
25,28,27,W
25,28,27,W
25,28,27,W
46,27,23,W
46,27,23,W
46,27,23, 
43,54,30, 
43,54,30, 
43,54,30, 
43,54,30, 
43,54,30, 
44,59,43,A
44,59,43,A
44,59,43,A
44,59,43,A
49,28,22,A
49,28,22,A
49,28,22,A
49,28,22,A
49,28,22,A
109,29,116,A
109,29,116,A
109,29,116,A
109,29,116,A
108,31,57,A
108,31,57,A
108,31,57,A
108,31,57, 
107,26,61, 
107,26,61, 
107,26,61, 
106,26,111, 
106,26,111,W
56,26,87,W
105,25,88,W
103,28,10,W
100,23,10,W
97,23,12,W
93,21,10,W
89,21,9,W
89,21,9,W
89,21,9,W
89,21,9,W
89,21,9,W
89,21,9,W
85,23,10,W
85,23,10,W
85,23,10,W
82,23,13,W
82,23,13,W
59,23,12,W
79,23,10,W
79,23,10,W
78,23,10,W
78,23,10,W
78,24,10,W
77,22,10,W
74,21,10,W
71,20,10,W
67,21,10,W
64,20,13,W
64,20,13,W
64,20,13,W
64,20,13, 
59,20,11, 
59,20,11, 
59,20,11, 
59,20,11, 
55,20,14,A
55,20,14,A
55,20,14,A
55,20,14,A
52,20,13,A
52,20,13,A
52,20,13,A
52,20,13,A
49,20,14,A
49,20,14,A
49,20,14,A
49,20,14,A
44,20,15,A
44,20,15,A
44,20,15,A
40,20,48,A
40,20,48,A
40,20,48,A
40,20,48,A
40,20,48,A
40,20,48,A
38,19,96,A
38,19,96,A
34,19,51,A
33,19,63,A
31,19,50,A
31,19,49,A
31,19,49,A
31,19,49,A
31,19,49,A
31,19,49,A
31,21,49,A
31,21,49,A
31,21,49,A
31,21,49,A
31,20,48,A
31,20,48,A
31,20,48,A
31,20,48,A
31,21,48,A
31,21,48,A
31,21,48,A
31,21,48,A
31,21,48,A
32,25,29,A
32,25,29,A
32,25,29,A
32,25,29,A
71,28,28,A
71,28,28,A
71,28,28,A
71,28,28,A
57,37,27,A
57,37,27,A
57,37,27,A
57,37,27,A
96,38,28,A
96,38,28,A
96,38,28, 
96,38,28, 
62,37,27, 
62,37,27,W
62,37,27,W
62,37,27,W
55,39,29,W
55,39,29,W
55,39,29,W
55,39,29,W
68,37,27,W
68,37,27,W
68,37,27,W
68,37,27,W
68,34,26,W
68,34,26,W
68,34,26,W
68,34,26,W
68,34,26,W
68,36,25,W
68,36,25,W
68,36,25,W
64,34,25,W
64,34,25,W
64,34,25,W
64,34,25,W
92,33,29,W
92,33,29,W
92,33,29, 
92,33,29, 
92,33,29, 
67,31,26, 
67,31,26, 
67,31,26, 
67,31,26, 
115,32,26, 
115,32,26, 
115,32,26, 
115,32,26, 
93,32,24, 
93,32,24,A
93,32,24,A
93,32,24,A
63,32,85,A
63,32,85,A
63,32,85,A
63,32,85,A
89,32,98,A
70,32,23,A
120,32,21,A
117,30,49,A
114,29,55,A
110,29,12,A
110,29,12,A
110,29,12,A
110,29,12,A
107,28,14,A
107,28,14,A
107,28,14,A
55,26,14,A
74,25,15,A
74,25,15,A
100,25,15,A
100,25,15,A
100,25,15,W
100,25,15,W
100,25,15,W
100,25,15,W
79,25,15,W
100,26,14,W
99,26,12,W
56,26,12,W
97,26,12,W
97,26,12,W
97,26,12,W
66,26,13,W
96,25,12,W
94,28,15,W
90,26,14,W
87,26,13,W
83,26,14,W
83,26,14,W
83,26,14,W
80,26,16,W
80,26,16,W
80,26,16,W
80,26,16,W
76,26,13,W
76,26,13,W
76,26,13,W
76,26,13,W
71,26,13,W
71,26,13,W
71,26,13,W
71,26,13,W
68,26,15,A
68,26,15,A
68,26,15,A
68,26,15,A
68,26,15,A
63,28,15,A
63,28,15,A
63,28,15,A
63,28,15,A
59,27,15,A
59,27,15,A
59,27,15,A
59,27,15,A
56,27,15,A
56,27,15,A
56,27,15,A
56,27,15,A
52,27,22,A
52,27,22,A
52,27,22,A
52,27,22,A
49,27,16,A
49,27,16,A
49,27,16,A
49,27,16,A
49,27,16,A
44,28,29,A
44,28,29,A
44,28,29,A
44,28,29,A
42,27,31,A
42,27,31,A
42,27,31,A
42,27,31,A
38,27,63,A
38,27,63,A
38,27,63,A
38,27,63,A
32,26,62,A
32,26,62,A
32,26,62,A
32,26,62,A
28,28,65,A
28,28,65,A
28,28,65,A
25,26,83,A
25,26,83,A
23,27,96,A
22,27,63,A
21,28,78,A
22,29,71,A
22,30,56,A
22,30,56,A
24,32,76,A
24,32,76,A
24,32,76,A
24,32,76,A
55,34,64,A
55,34,64,A
55,34,64,A
55,34,64,A
91,34,65,A
91,34,65,A
91,34,65,A
91,34,65,A
55,35,36,A
55,35,36, 
55,35,36, 
55,35,36, 
55,35,36, 
55,42,37, 
55,42,37, 
55,42,37, 
55,42,37, 
71,42,33,W
71,42,33,W
71,42,33,W
71,42,33,W
50,44,31,W
50,44,31,W
50,44,31,W
50,44,31,W
50,46,31,W
50,46,31,W
50,46,31,W
50,46,31,W
55,27,37,W
55,27,37,W
55,27,37,W
55,27,37,W
55,27,37,W
67,25,58,W
67,25,58,W
67,25,58,W
67,25,58,W
80,25,79,W
80,25,79,W
80,25,79,W
80,25,79,W
80,28,56,W
80,28,56,W
80,28,56,W
80,28,56,W
80,28,56,W
80,26,92,W
80,26,79,W
80,26,79,W
80,28,57,W
78,26,75,W
76,25,74,W
73,24,18,W
69,26,20,W
69,26,20,W
64,24,19,W
64,24,19,W
64,24,19,W
64,24,19,W
64,24,19,W
59,22,22,W
57,22,20,W
57,22,20,W
56,21,20,W
55,22,21,W
73,23,19,W
73,23,19,W
73,23,19,W
60,23,22,W
73,23,18,W
68,23,18,W
66,24,18,W
63,23,18,W
60,24,18,W
60,24,18, 
56,20,20, 
56,20,20, 
56,20,20,A
56,20,20,A
56,20,20,A
52,20,18,A
52,20,18,A
52,20,18,A
52,20,18,A
50,19,18,A
50,19,18,A
50,19,18,A
50,19,18,A
44,19,17,A
44,19,17,A
44,19,17,A
44,19,17,A
43,18,16,A
43,18,16,A
43,18,16,A
43,18,16,A
36,17,22,A
36,17,22,A
36,17,22,A
36,17,22,A
36,17,22,A
32,17,38,A
32,17,38,A
32,17,38,A
29,19,52,A
29,19,52,A
29,19,52,A
29,19,52,A
29,19,52,A
29,20,56,A
29,20,56,A
29,20,56,A
29,20,56,A
20,18,56,A
20,18,56,A
18,17,56,A
16,19,80,A
85,18,52,A
23,23,53,A
106,21,49,A
106,21,49,A
18,21,49,A
18,21,49,A
18,21,49,A
18,21,49,A
17,22,51,A
17,22,51,A
17,22,51,A
17,22,51,A
17,26,49,A
17,26,49,A
17,26,49,A
17,26,49,A
17,26,49,A
403,25,35,A
403,25,35,A
403,25,35,A
403,25,35,A
70,46,35,A
70,46,35,A
70,46,35,A
70,46,35, 
71,50,31,W
71,50,31,W
71,50,31,W
71,50,31,W
71,50,31,W
113,17,35,W
113,17,35,W
113,17,35,W
113,17,35,W
110,48,55,W
110,48,55,W
110,48,55,W
110,48,55,W
56,147,55,W
56,147,55,W
56,147,55,W
56,147,55,W
107,20,91,W
107,20,91,W
107,20,91,W
107,20,91,W
107,19,57,W
107,19,57,W
107,19,57,W
107,19,57,W
107,19,57,W
105,20,55,W
105,20,55,W
105,20,55,W
105,20,55,W
105,21,55,W
105,20,56,W
105,20,56,W
103,21,55,W
103,21,55,W
103,21,84,W
102,22,24,W
102,22,24,W
79,22,24,W
100,24,20,W
98,20,11,W
59,20,18,W
91,21,8,W
88,20,7,W
88,20,7,W
88,20,7,W
83,21,7,W
83,21,7,W
83,21,7,W
83,21,7,W
83,21,7,W
79,20,9,W
79,20,9,W
76,22,10,W
76,22,10,W
76,22,10,W
76,22,10,W
76,22,10,W
71,21,9,W
71,21,9,W
71,21,9,W
71,21,9,W
71,21,9,W
68,23,11,W
68,23,11, 
68,23,11, 
68,23,11, 
64,27,11, 
64,27,11,A
64,27,11,A
64,27,11,A
64,27,11,A
59,22,10,A
59,22,10,A
59,22,10,A
59,22,10,A
56,21,11,A
56,21,11,A
56,21,11,A
56,21,11,A
52,20,11,A
52,20,11,A
52,20,11,A
52,20,11,A
49,20,11,A
49,20,11,A
49,20,11,A
49,20,11,A
45,27,11,A
45,27,11,A
45,27,11,A
45,27,11,A
41,19,12,A
41,19,12,A
41,19,12,A
41,19,12,A
38,19,14,A
38,19,14,A
38,19,14,A
38,19,14,A
33,19,25,A
33,19,25,A
33,19,25,A
33,19,25,A
29,41,28,A
29,25,65,A
29,20,30,A
24,21,29,A
26,24,26,A
23,22,27,A
23,22,27,A
27,26,29,A
27,26,29,A
27,26,29,A
27,26,29, 
27,26,29, 
26,24,25, 
26,24,25, 
26,24,25, 
26,24,25, 
24,28,27, 
45,32,21,W
45,32,21,W
45,34,20,W
45,34,20,W
45,34,20,W
45,34,20,W
45,34,20,W
45,34,20,W
45,34,20,W
45,34,20, 
45,34,20, 
46,34,16, 
46,34,16, 
46,34,16,A
46,34,16,A
46,34,16,A
45,30,16,A
45,30,16,A
45,30,16,A
45,30,16,A
85,33,19,A
85,33,19,A
85,33,19,A
85,33,19,A
88,30,22,A
88,30,22,A
88,30,22,A
88,30,22,A
55,27,49,A
55,27,49,A
55,27,49,A
105,26,112, 
105,26,112, 
64,27,103, 
103,26,9, 
65,25,9, 
97,23,15, 
93,23,8,W
90,21,9,W
90,21,9,W
90,21,9,W
90,21,9, 
90,21,9, 
86,26,8, 
86,26,8, 
86,26,8, 
86,26,8, 
83,23,10, 
83,23,10, 
83,23,10, 
83,23,10, 
58,24,11, 
58,24,11,S
73,23,12,S
76,21,10,S
74,20,10,S
74,20,10,S
74,20,10,S
74,20,10,S
74,20,10,S
71,19,10, 
69,20,10, 
65,20,12, 
62,20,12, 
62,20,12, 
58,20,13, 
58,20,13, 
58,20,13, 
58,20,13, 
55,19,13, 
55,19,13, 
55,19,13, 
55,19,13, 
51,18,14, 
51,18,14, 
51,18,14, 
51,18,14, 
47,19,15,A
47,19,15,A
43,20,17,A
39,18,50,A
35,19,59,A
35,19,59,A
35,19,59,A
35,19,59,A
31,17,51,A
29,17,51,A
29,17,51,A
29,17,51,A
29,17,51,A
29,17,51,A
31,18,51,A
31,18,50,A
31,18,50,A
31,18,50,A
31,18,50,A
31,18,50,A
31,18,49,A
31,18,50,A
31,18,48,A
31,18,48,A
31,18,49,A
31,19,48,A
31,19,48,A
31,19,48,A
31,20,49,A
31,20,49,A
31,20,49,A
31,20,49,A
32,20,47,A
32,20,47,A
32,20,47,A
32,20,47,A
32,21,29,A
32,21,29,A
32,21,29,A
32,21,29,A
32,21,29,A
33,23,31,A
33,23,31,A
33,23,31,A
33,23,31,A
37,23,29,A
37,23,29,A
37,23,29,A
37,23,29,A
63,38,29,A
63,38,29,A
63,38,29,A
63,38,29,A
101,38,29,A
101,38,29,A
101,38,29,A
101,38,29,A
101,38,29,A
99,38,29,A
99,38,29,A
69,38,29,A
93,38,28,A
67,36,30,A
67,36,30,A
87,36,49,A
87,36,49,A
73,37,50,A
55,37,51,A
84,37,50,A
59,37,83, 
102,38,55, 
102,38,55, 
79,37,83, 
79,37,83, 
79,37,83, 
55,24,56, 
55,24,56,W
55,24,56,W
55,24,56,W
55,24,56,W
79,28,56,W
79,28,56,W
79,28,56,W
79,28,56,W
79,28,56,W
59,28,94,W
59,28,94,W
59,28,94,W
59,28,94,W
99,22,57,W
99,22,57,W
99,22,57,W
56,25,56,W
56,25,56,W
56,25,56,W
56,25,56,W
55,22,84,W
55,22,84,W
55,22,84,W
55,22,84,W
55,22,84,W
78,21,49,W
78,21,49,W
78,21,49,W
78,21,49,W
55,22,58,W
55,22,58,W
55,22,58,W
55,22,58,W
56,21,76,W
56,21,76,W
56,21,76,W
56,21,76,W
55,23,49,W
55,23,49,W
55,23,49,W
98,23,49,W
98,23,49,W
98,23,49,W
98,23,49,W
98,23,49,W
98,23,49,W
98,23,49,W
115,23,90,W
116,24,89,W
116,24,89,W
81,23,92,W
113,22,22,W
110,23,19,W
107,22,18,W
103,21,17,W
103,21,17,W
100,20,18,W
100,20,18,W
100,20,18,W
100,20,18,W
96,20,19,W
96,20,19,W
96,20,19,W
96,20,19,W
96,20,19,W
92,19,20, 
92,19,20, 
92,19,20, 
92,19,20, 
89,19,22, 
89,19,22, 
89,19,22,A
89,19,22,A
85,17,28,A
85,17,28,W
85,17,28,W
85,17,28,W
81,16,25,W
81,16,25,W
81,16,25,W
81,16,25,W
81,16,25,W
77,16,47,W
77,16,47,W
77,16,47,W
77,16,47,W
74,15,25,W
74,15,25,W
74,15,25,W
74,15,25,W
70,14,27,W
70,14,27,W
70,14,27,W
70,14,27,W
66,15,26,W
66,15,26,W
66,15,26,W
66,15,26,W
63,15,28,W
63,15,28,W
56,14,29,W
60,15,27,W
59,15,26,W
58,17,25,W
58,17,25,W
58,17,25,W
58,17,25,W
56,17,26,A
56,17,24,A
53,18,27, 
49,18,28, 
46,19,27,A
46,19,27,A
43,18,42,A
43,18,42,A
43,18,42,A
43,18,42,A
39,19,38,A
39,19,38,A
39,19,38,A
39,19,38,A
35,19,75,A
35,19,75,A
35,19,75,A
35,19,75,A
32,20,39,A
32,20,39,A
32,20,39,A
32,20,39,A
27,20,79,A
27,20,79,A
27,20,79,A
27,20,79,A
24,20,88,A
22,20,87,A
22,20,86,A
22,20,86,A
22,20,86,A
22,20,86,A
22,20,67,A
26,20,102,A
22,21,70,A
26,23,43,A
27,24,41,A
28,27,39, 
28,27,39, 
28,27,39, 
25,26,38, 
25,26,38, 
25,26,38,W
25,26,38,W
55,35,38,W
55,35,38,W
55,35,38,W
55,35,38,W
84,36,38,W
84,36,38,W
84,36,38,W
84,36,38,W
74,38,36,W
74,38,36,W
74,38,36,W
74,38,36,W
74,38,36,W
55,35,37,W
55,35,37,W
55,35,37,W
55,35,37,W
59,39,35,W
59,39,35,W
59,39,35,W
59,39,35,W
55,35,35,W
55,35,35,W
55,35,35,W
55,35,35,W
88,27,51,W
88,27,51,W
88,27,51,W
88,27,51,W
88,27,51,W
55,26,56,W
55,26,56,W
55,26,56,W
55,26,56,W
55,28,83,W
55,28,83, 
55,28,83, 
67,26,94,A
67,26,94,A
67,26,94,A
67,26,94,A
56,27,91,W
56,27,91,W
87,26,55,W
56,27,59,W
84,28,57,W
80,25,74,W
77,24,78,W
74,23,24,W
74,23,24,W
74,23,24,W
74,23,24,W
71,22,21,W
71,22,21,W
69,23,22,W
56,22,22,W
57,22,21,W
57,22,21,W
66,21,20,W
66,22,20,W
66,22,20,W
65,21,21,W
61,21,20,W
59,21,21,W
56,21,19,W
55,21,21,W
55,21,21,W
55,21,21,W
50,21,22, 
50,21,22, 
50,21,22, 
50,21,22, 
61,22,21,W
61,22,21,W
61,22,21,W
61,22,21,W
58,19,21,W
58,19,21,W
58,19,21,W
58,19,21,W
55,17,22,W
55,17,22,W
55,17,22,W
55,17,22,W
55,17,22,W
51,16,25,W
51,16,25,W
51,16,25,W
51,16,25,W
49,15,26,W
49,15,26,W
49,15,26,W
49,15,26,W
43,15,23,W
43,15,23,W
43,15,23,W
43,15,23,W
42,14,24,W
42,14,24,W
42,14,24,W
42,14,24, 
36,14,26, 
36,14,26, 
36,13,26,A
36,13,23,A
32,14,23,A
33,15,26,A
33,15,26,A
36,16,22,A
37,17,21,A
37,17,21,A
35,17,58,A
30,18,25,A
30,28,53, 
28,18,53, 
28,18,53, 
22,22,55,W
22,22,55,W
21,18,78,W
78,18,57,W
20,25,49,W
103,25,50,W
18,21,49,W
20,23,54,W
20,23,54,W
20,23,54,W
20,23,54,W
89,23,111,W
89,23,111,W
89,23,111,W
89,23,111,W
89,23,111,W
72,28,103,W
72,28,103,W
72,28,103,W
72,28,103,W
111,47,88,W
111,47,88,W
111,47,88,W
111,47,88,W
73,19,33,W
73,19,33,A
73,19,33,A
73,19,33,A
63,18,29,A
63,18,29,A
63,18,29,A
98,19,50,A
56,23,90,A
55,22,86,A
55,22,86,A
55,22,86,A
55,22,86,A
55,22,86,A
55,22,86,A
55,22,86,A
55,22,86,A
79,27,87,A
62,21,58,A
103,22,22,A
100,21,56, 
96,18,51, 
92,18,12, 
92,18,12, 
88,18,11, 
88,18,11, 
88,18,11, 
88,18,11, 
88,18,11, 
85,18,12, 
85,18,12, 
85,18,12, 
85,18,12,W
81,17,12,W
81,17,12,W
81,17,12,W
81,17,12,W
81,17,12,W
77,15,13,W
77,15,13,W
77,15,13, 
73,15,15, 
73,15,15, 
73,15,15,A
70,15,15,A
67,16,17,A
56,17,16,A
63,16,15,A
63,16,15,A
62,18,13,A
62,19,13,A
62,19,13,A
62,23,12,A
60,18,12,A
58,21,13,A
54,21,13,A
51,19,11,A
49,19,12,A
49,19,12,A
49,19,12,A
49,19,12,A
44,20,12,A
44,20,12,A
44,20,12,A
40,21,14,A
40,21,14,A
40,21,14,A
40,21,14,A
40,21,14,A
40,21,14,A
36,23,16,A
36,23,16,A
36,23,16,A
36,23,16,A
33,23,15,A
33,23,15,A
30,23,25,A
29,23,23,A
28,23,22,A
29,27,21,A
29,28,22,A
27,26,20,A
27,26,20,A
27,26,20,A
29,28,20,A
29,28,20,A
28,27,22,A
45,28,18,A
23,29,20,A
23,29,20,A
21,34,21,A
21,34,21,A
20,33,24,A
35,26,23,A
37,26,26,A
70,28,21,A
64,25,22,A
64,25,22,A
97,23,20,A
97,23,20,A
97,23,20,A
97,23,20, 
63,25,20,W
63,25,20,W
63,25,20,W
63,25,20,W
98,25,18,W
98,25,18,W
98,25,18,W
98,25,18,W
98,25,18,W
75,17,19,W
75,17,19,W
75,17,19,W
55,16,24,W
55,16,24,W
55,16,24,W
55,16,24,W
95,18,17,W
95,18,17,W
95,18,17,W
95,18,17,W
95,18,17,W
62,17,22,W
62,17,22,W
62,17,22,W
95,18,16,W
79,18,11,W
92,19,12,W
89,23,10,W
85,24,10,W
82,23,9,W
82,23,9,W
82,23,9,W
78,24,8,W
78,24,8,W
78,24,8,W
78,24,8,W
74,23,9,W
74,23,9,W
74,23,9,W
74,23,9,W
70,21,10,A
70,21,10,A
70,21,10,A
70,21,10,A
67,21,10,A
67,21,10,A
67,21,10,A
67,21,10,A
63,22,10,A
63,22,10,A
63,22,10,A
63,22,10,A
63,22,10,A
59,21,11,A
59,21,11,A
59,21,11,A
59,21,11,A
55,21,14,A
55,21,14,A
55,21,14,A
55,21,14,A
51,23,11,A
51,23,11,A
51,23,11,A
51,23,11,A
48,20,12,A
48,20,12,A
48,20,12,A
48,20,12,A
45,21,12,A
45,21,12,A
45,21,12,A
45,21,12,A
45,21,12,A
42,21,46,A
42,21,46,A
42,21,46,A
42,21,46,A
37,23,72,A
37,23,72,A
37,23,72,A
37,23,72,A
37,23,72,A
33,22,94,A
33,22,94,A
30,21,48,A
29,23,49,A
29,25,49,A
27,22,49,A
29,23,49,A
28,23,47,A
28,23,47,A
28,23,47,A
29,23,48,A
29,23,48,A
29,23,48,A
29,23,48,A
29,23,48,A
29,24,49,A
29,24,49,A
29,24,49,A
29,24,49,A
28,25,46,A
28,25,46,A
28,25,46,A
28,25,46,A
28,25,46,A
28,25,49,A
28,25,49,A
28,25,49,A
28,25,49,A
29,25,49,A
29,25,49,A
29,25,49,A
29,25,49,A
29,28,49,A
29,28,49,A
29,28,49,A
29,28,49,A
55,29,49,A
55,29,49,A
55,29,49,A
55,29,49,A
68,29,49,A
68,29,49,A
68,29,49,A
68,29,49,A
68,29,49,A
63,38,49,A
63,38,49,A
63,38,49,A
63,38,49,A
88,38,49,A
88,38,49,A
88,38,49,A
88,38,49,A
62,38,52,A
62,38,52,A
62,38,52,A
62,38,52,A
55,37,50,A
55,37,50,A
55,37,50,A
55,37,50,A
78,38,81,A
78,38,81,A
78,38,81,A
59,38,69,A
59,38,69,A
59,38,69,A
59,38,69, 
59,38,69, 
59,38,69,W
89,40,89,W
89,40,89,W
89,40,89,W
89,40,89,W
61,29,94,W
61,29,94,W
61,29,94,W
61,29,94,W
91,28,49,W
91,28,49,W
91,28,49,W
91,28,49,W
81,27,49,W
81,27,49,W
81,27,49,W
56,28,91,W
56,28,91,W
56,28,91,W
56,28,91,W
56,28,91,W
72,28,40,W
72,28,40,W
72,28,40,W
72,28,40,W
72,28,40,W
61,28,29,W
61,28,29,W
61,28,29,W
61,28,29,W
98,28,43,W
98,28,43,W
98,28,43,W
98,28,43,W
80,28,81,W
80,28,81,W
80,28,81,W
80,28,81,W
56,28,29,W
56,28,29,W
56,28,29,W
56,28,29,W
80,29,89,W
61,27,42,W
98,28,78,W
63,27,99,W
111,27,15,W
111,27,15,W
107,26,15,W
107,26,15,W
55,24,15,W
98,24,35,W
62,23,15,W
98,24,15,W
98,24,15,W
102,26,15,W
102,26,15,W
59,24,14,W
81,24,15,W
98,23,15,W
95,23,17,W
92,22,16,W
88,22,17,W
88,22,17,W
88,22,17,W
88,22,17,W
84,21,19,W
84,21,19,W
84,21,19,W
81,21,18,W
80,20,23,W
80,20,22,W
80,20,22,W
80,20,22,W
80,20,22,W
79,20,23,W
56,21,26,W
79,22,21,W
64,22,26,W
64,22,26,W
79,23,19,W
79,23,19,W
63,23,18,W
76,22,42,W
73,23,17,W
70,23,16, 
67,23,17, 
67,23,17, 
62,24,18, 
62,24,18, 
62,24,18, 
62,24,18, 
62,24,18, 
59,24,18, 
59,24,18, 
59,24,18, 
59,24,18, 
56,24,19, 
56,24,19, 
56,24,19, 
56,24,19, 
52,25,18, 
52,25,18, 
52,25,18, 
52,25,18, 
48,25,17, 
48,25,17,A
48,25,17,A
48,25,17,A
45,24,21,A
45,24,21,A
45,24,21,A
45,24,21,A
40,24,32,A
40,24,32,A
40,24,32,A
40,24,32,A
40,24,32,A
36,25,68,A
36,25,68,A
36,25,68,A
33,24,68,A
33,24,68,A
33,24,68,A
33,24,68,A
33,24,68,A
33,24,68,A
29,26,73,A
29,26,73,A
27,24,89,A
25,25,84,A
25,25,84,A
25,25,84,A
26,25,84,A
26,25,84,A
26,25,83,A
26,27,56,A
28,27,96,A
25,27,64,A
26,28,66,A
27,29,67,A
27,29,67,A
27,29,67,A
29,31,56,A
29,31,56,A
29,31,56,A
80,34,35,A
80,34,35, 
80,34,35, 
80,34,35, 
80,34,35, 
62,34,64, 
62,34,64, 
62,34,64,W
62,34,64,W
89,36,35,W
89,36,35,W
89,36,35,W
89,36,35,W
89,36,35,W
54,41,34,W
54,41,34,W
54,41,34,W
54,41,34,W
51,45,73,W
51,45,73,W
51,45,73,W
51,45,73,W
80,45,74,W
80,45,74,W
80,45,74,W
80,45,74,W
49,46,80,W
49,46,80,W
49,46,80,W
49,46,80,W
60,34,63,W
60,34,63,W
60,34,63,W
60,34,63,W
82,30,80,W
82,30,80,W
49,30,84,W
80,29,29,W
49,29,26,W
46,28,27,W
46,28,27,W
55,28,29,W
55,28,29,W
72,24,22,W
69,23,23,W
49,23,21,W
68,23,21,W
61,23,21,W
68,23,21,W
68,23,21,W
68,23,21,W
68,23,21,W
61,25,19,W
61,25,19,W
61,25,19,A
56,23,18,A
66,23,19,A
63,24,19,A
60,22,20,A
56,22,18,A
55,22,20,A
55,22,20, 
55,22,20, 
55,22,20, 
55,22,20,W
51,23,21,W
51,23,21,W
51,23,21,W
51,23,21,W
61,21,21,W
61,21,21,W
61,21,21,W
61,21,21,W
58,21,25,W
58,21,25,W
58,21,25,W
58,21,25,W
56,19,22,W
56,19,22,W
56,19,22,W
56,19,22,W
52,17,21,W
52,17,21,W
52,17,21,W
52,17,21,W
52,17,21,W
48,15,22,W
48,15,22,W
44,15,21,W
44,15,21,W
44,14,21,W
42,15,21,W
42,17,20,W
42,17,20,W
42,17,20,W
42,16,22,W
43,18,20,W
38,18,18,W
38,18,19,W
33,20,21,W
29,22,23,W
29,22,23,W
76,22,49,W
76,22,49,W
26,21,83,W
25,23,81, 
25,23,81, 
26,23,80,A
26,23,80,A
28,28,104,A
22,22,81,A
28,25,55,A
79,24,49,A
55,27,29,A
55,27,29,A
96,27,104,A
96,27,104,A
96,27,104,A
62,29,29,A
96,28,109,W
71,32,98,W
71,32,98,W
71,32,98,W
56,34,85,W
69,32,44,W
62,174,42,W
97,16,57,W
61,17,56,W
56,19,42,W
56,19,42,W
56,19,42,W
80,15,52,W
80,15,52,W
56,15,53,W
56,15,53,W
56,15,53,W
56,15,53,W
56,15,53,W
56,15,53,W
96,16,52,W
96,16,52,W
96,16,52,W
96,16,52,W
61,16,50,W
61,16,50,W
61,16,50,W
96,16,51,W
96,16,51,W
80,17,12,W
56,18,12,W
90,18,12,W
87,17,12,W
84,16,13,W
84,16,13,W
80,15,14,W
80,15,14,W
80,15,14,W
80,15,14,W
77,15,15,W
77,15,15,W
77,15,15,W
77,15,15,W
72,14,15,W
72,14,15,W
72,14,15,W
72,14,15,W
68,15,16,W
68,15,16,W
68,15,16,W
68,15,16,W
68,15,16,W
65,14,17,W
65,14,17, 
65,14,17, 
61,16,18, 
61,16,18, 
58,28,17,A
57,15,16,A
55,14,16,A
56,16,15,A
56,16,15,A
56,16,15,A
55,16,15,A
55,15,15,A
52,15,15,A
49,16,15,A
46,17,14,A
43,20,17,W
43,20,17,W
43,20,17,W
39,16,14,W
39,16,14,W
39,16,14,W
36,16,16,W
36,16,16,W
36,16,16,W
36,16,16,W
31,35,25,W
31,35,25, 
31,35,25, 
31,35,25,A
29,18,28,A
26,18,30,A
24,19,28,A
23,23,29,A
23,22,29,A
22,24,29,A
22,24,29,A
22,24,29,A
22,24,29,A
23,24,48,A
23,24,48,A
23,24,48,A
23,24,48,A
24,28,23,A
24,28,23,A
24,28,23,A
24,28,23,A
46,26,27,A
46,26,27,A
46,26,27,A
46,26,27,A
45,27,21,A
42,30,22,W
43,30,22,W
57,72,25,W
57,72,25,W
57,72,25,W
55,23,26,W
99,27,27,W
62,21,26,W
55,24,25,W
78,22,25,W
56,23,23,W
56,23,23,W
56,23,23,W
56,23,23,W
98,14,23,W
98,14,23,W
98,14,23,W
98,14,23,W
56,15,22,W
56,15,22,W
56,15,22,W
56,15,22,W
97,29,22,W
97,29,22,W
97,29,22,W
97,29,22,W
74,13,21,W
74,13,21,W
74,13,21,W
97,13,22,W
97,13,22,W
97,13,22,W
97,13,22,W
97,13,22,W
97,13,22,W
96,14,19,W
96,14,22,W
96,14,22,W
96,14,19,W
66,15,110,W
92,14,15,W
88,21,14,W
85,19,13,W
85,19,13,W
85,19,13,W
82,19,14,W
82,19,14,W
82,19,14,W
82,19,14,W
78,20,13,W
78,20,13,W
78,20,13,W
78,20,13,W
75,16,13,W
75,16,13,W
75,16,13,W
75,16,13,W
71,17,16, 
71,17,16, 
71,17,16, 
71,17,16, 
67,16,14,A
67,16,14,A
67,16,14,A
64,17,15,A
64,17,15,A
64,17,15,A
64,17,15,A
64,17,15,A
64,17,15,A
60,17,16,A
60,17,16,A
60,17,16,A
60,17,16,A
56,16,17,A
56,16,17,A
56,16,17,A
56,16,17,A
53,16,15,W
53,16,15,W
53,16,15,W
53,16,15,W
49,17,17,W
49,17,17,W
49,17,17,W
49,17,17,W
46,16,17,W
46,16,17, 
46,16,17, 
46,16,17, 
42,17,18,A
42,17,18,A
42,17,18,A
42,17,18,A
42,17,18,A
38,17,49,A
38,17,49,A
38,17,49,A
36,16,65,A
33,17,49,A
33,16,50,A
33,17,50,A
32,17,49,A
33,16,50,A
33,16,50,A
33,16,50,A
33,18,35,A
33,18,35,A
33,18,35,A
33,18,35,A
33,17,29,A
33,17,29,A
33,17,29,A
33,17,29,A
32,21,31,A
30,38,50,A
29,22,50, 
29,22,50, 
28,21,49, 
28,21,49, 
24,24,53, 
55,22,52, 
73,23,49, 
56,35,53, 
86,28,49, 
63,34,49, 
63,34,49, 
63,34,49, 
63,34,49,W
85,33,46,W
85,33,46,W
85,33,46,W
85,33,46,W
80,34,52,W
80,34,52,W
80,34,52,W
80,34,52,W
113,33,52,W
113,33,52,W
113,33,52,W
113,33,52,W
113,33,52,W
80,33,52,W
80,33,52,W
80,33,52,A
80,33,52,A
61,34,37,A
61,34,37, 
61,34,37, 
91,34,36, 
91,34,36, 
91,34,36, 
91,34,36, 
129,34,37,A
130,36,57,A
130,34,37,A
130,34,90,A
130,34,90,A
130,36,88,A
130,36,88,A
62,34,35,A
99,35,37,A
73,37,47,A
73,37,47,A
73,37,47,A
99,40,48,A
55,38,49,A
123,42,49,A
123,42,49,A
123,38,48,A
123,38,48,A
82,40,49,A
56,40,49,A
81,22,45,A
55,19,47,A
98,21,45,A
98,21,45,A
58,18,49,A
58,18,49,A
58,18,49,A
58,18,49,A
50,18,44,A
50,18,44,A
50,18,44,A
50,18,44,A
80,19,57,A
80,19,57, 
80,19,57, 
80,19,57, 
80,19,57, 
55,18,43, 
55,18,43, 
55,18,43, 
55,18,43, 
98,17,42,W
98,17,42,W
98,17,42,W
98,17,42,W
63,18,57,W
63,18,57,W
63,18,57,W
63,18,57,W
95,18,49,W
95,18,49,W
95,18,49,W
95,18,49,W
78,20,59,W
78,20,59,W
78,20,59,W
78,20,59,W
55,19,22,W
55,19,22,W
55,19,22,W
55,19,22,W
71,19,22,W
71,19,22,W
71,19,22,W
71,19,22,W
71,19,22,W
62,19,24,W
62,19,24,W
62,19,24,W
98,21,25,W
98,21,25,W
98,21,25,W
58,21,21,W
58,21,21, 
58,21,21, 
58,21,21, 
58,21,21, 
58,21,21, 
58,21,21, 
55,21,19, 
55,21,19, 
112,22,19, 
112,21,19, 
112,21,19, 
98,21,19, 
64,21,18, 
98,21,18, 
103,20,21, 
100,19,20, 
100,19,20, 
100,19,20, 
97,20,20, 
97,20,20, 
97,20,20, 
97,20,20, 
97,20,20, 
94,20,19, 
94,20,19, 
94,20,19, 
94,20,19, 
90,19,22, 
90,19,22, 
90,19,22, 
86,19,21, 
86,19,21, 
86,19,21, 
83,18,22, 
82,18,22, 
